clip_id,status,flags,rejects,activity,alternation_intact,detection_rate,floor,fps,frame_size,mask_rate,mean_visibility_core,measure_clip_id,n_frames,n_reps,reason,torso_len_cv,view,view_score
clip,ok,,,"{""n_segments"": 1, ""total_reps"": 4, ""exercise_s"": 14.5, ""clip_s"": 14.5, ""exercise_fraction"": 1.0, ""segments"": [{""start_s"": 0.0, ""end_s"": 14.5, ""n_reps"": 4, ""duration_s"": 14.5}]}",True,1.0,"{""a"": 0.0, ""b"": 156.0, ""inlier_ratio"": 1.0, ""method"": ""percentile"", ""n_points"": 1634}",23.976,"[640, 352]",1.0,0.9995,clip,347,4,,0.0276,oblique45,0.155
recording_2026_07_25_171125,flag,alternation:broken,,"{""n_segments"": 1, ""total_reps"": 4, ""exercise_s"": 27.1, ""clip_s"": 33.5, ""exercise_fraction"": 0.81, ""segments"": [{""start_s"": 1.6, ""end_s"": 28.7, ""n_reps"": 4, ""duration_s"": 27.1}]}",False,1.0,"{""a"": 0.0, ""b"": 218.0, ""inlier_ratio"": 1.0, ""method"": ""percentile"", ""n_points"": 2003}",30.0,"[1008, 544]",1.0,0.9999,recording_2026_07_25_171125,1005,4,,0.0606,oblique45,0.1383
recording_2026_07_25_171515,reject,alternation:missing,floor_inlier_ratio:missing;rep_count=0<4,"{""n_segments"": 0, ""total_reps"": 0, ""exercise_s"": 0, ""clip_s"": 8.7, ""exercise_fraction"": 0.0, ""segments"": []}",,1.0,,30.0,"[496, 384]",,0.999,recording_2026_07_25_171515,262,0,no exercise segment detected,0.0286,other,0.2792
video_project_2__1,reject,detection_rate=0.4607<0.95;alternation:missing,floor_inlier_ratio=0.4314<0.8;rep_count=0<4,"{""n_segments"": 1, ""total_reps"": 7, ""exercise_s"": 105.5, ""clip_s"": 122.9, ""exercise_fraction"": 0.858, ""segments"": [{""start_s"": 13.4, ""end_s"": 118.9, ""n_reps"": 7, ""duration_s"": 105.5}]}",,0.4607,"{""a"": 0.0, ""b"": 315.0, ""inlier_ratio"": 0.4313835770528684, ""method"": ""percentile"", ""n_points"": 1778}",30.0,"[1280, 720]",0.4607,0.9995,video_project_2__1,3688,0,floor inlier ratio 0.43 below 0.8,0.0881,oblique45,0.1931
video_project_2__2,reject,detection_rate=0.5554<0.95;alternation:missing,floor_inlier_ratio=0.1756<0.8;rep_count=0<4,"{""n_segments"": 1, ""total_reps"": 4, ""exercise_s"": 26.2, ""clip_s"": 67.0, ""exercise_fraction"": 0.391, ""segments"": [{""start_s"": 33.9, ""end_s"": 60.2, ""n_reps"": 4, ""duration_s"": 26.2}]}",,0.5554,"{""a"": 0.0, ""b"": 317.0, ""inlier_ratio"": 0.17563739376770537, ""method"": ""percentile"", ""n_points"": 2118}",30.0,"[1280, 720]",0.5554,0.9993,video_project_2__2,2011,0,floor inlier ratio 0.18 below 0.8,0.0629,oblique45,0.1719
video_project_2,reject,detection_rate=0.7711<0.95;alternation:missing,floor_inlier_ratio=0.4314<0.8;rep_count=0<4,"{""n_segments"": 1, ""total_reps"": 3, ""exercise_s"": 18.2, ""clip_s"": 24.9, ""exercise_fraction"": 0.73, ""segments"": [{""start_s"": 4.8, ""end_s"": 23.0, ""n_reps"": 3, ""duration_s"": 18.2}]}",,0.7711,"{""a"": 0.0, ""b"": 315.0, ""inlier_ratio"": 0.4313835770528684, ""method"": ""percentile"", ""n_points"": 1778}",30.0,"[1280, 720]",0.7711,1.0,video_project_2,747,0,floor inlier ratio 0.43 below 0.8,0.0446,other,0.3966
video_project_2mk,reject,detection_rate=0.1779<0.95;alternation:missing,floor_inlier_ratio=0.4243<0.8;rep_count=0<4,"{""n_segments"": 1, ""total_reps"": 6, ""exercise_s"": 17.4, ""clip_s"": 94.4, ""exercise_fraction"": 0.185, ""segments"": [{""start_s"": 77.0, ""end_s"": 94.4, ""n_reps"": 6, ""duration_s"": 17.4}]}",,0.1779,"{""a"": 0.0, ""b"": 285.0, ""inlier_ratio"": 0.4243203526818516, ""method"": ""percentile"", ""n_points"": 2722}",30.0,"[1280, 720]",0.1779,0.9999,video_project_2mk,2833,0,floor inlier ratio 0.42 below 0.8,0.0448,oblique45,0.1371
videoplayback__1,flag,torso_len_cv=0.2847>0.1;alternation:broken,,"{""n_segments"": 1, ""total_reps"": 6, ""exercise_s"": 20.8, ""clip_s"": 29.8, ""exercise_fraction"": 0.699, ""segments"": [{""start_s"": 9.0, ""end_s"": 29.8, ""n_reps"": 6, ""duration_s"": 20.8}]}",False,0.9972,"{""a"": 0.0, ""b"": 136.0, ""inlier_ratio"": 1.0, ""method"": ""percentile"", ""n_points"": 2108}",23.976,"[640, 352]",0.9972,0.9973,videoplayback__1,714,5,,0.2847,oblique45,0.1281
videoplayback__10,ok,,,"{""n_segments"": 1, ""total_reps"": 4, ""exercise_s"": 17.8, ""clip_s"": 18.0, ""exercise_fraction"": 0.991, ""segments"": [{""start_s"": 0.0, ""end_s"": 17.8, ""n_reps"": 4, ""duration_s"": 17.8}]}",True,1.0,"{""a"": 0.0, ""b"": 133.0, ""inlier_ratio"": 1.0, ""method"": ""percentile"", ""n_points"": 1529}",29.97,"[640, 352]",1.0,0.9997,videoplayback__10,538,4,,0.0336,side,0.0913
videoplayback__11,ok,,,"{""n_segments"": 1, ""total_reps"": 4, ""exercise_s"": 15.9, ""clip_s"": 15.9, ""exercise_fraction"": 1.0, ""segments"": [{""start_s"": 0.0, ""end_s"": 15.9, ""n_reps"": 4, ""duration_s"": 15.9}]}",True,0.9812,"{""a"": 0.0, ""b"": 145.0, ""inlier_ratio"": 1.0, ""method"": ""percentile"", ""n_points"": 1570}",29.97,"[640, 352]",0.9812,1.0,videoplayback__11,478,4,,0.0326,side,0.1082
videoplayback__12,flag,detection_rate=0.7671<0.95;torso_len_cv=0.4378>0.1;alternation:broken,,"{""n_segments"": 1, ""total_reps"": 9, ""exercise_s"": 37.6, ""clip_s"": 50.3, ""exercise_fraction"": 0.747, ""segments"": [{""start_s"": 3.3, ""end_s"": 40.8, ""n_reps"": 9, ""duration_s"": 37.6}]}",False,0.7671,"{""a"": 0.0, ""b"": 148.0, ""inlier_ratio"": 1.0, ""method"": ""percentile"", ""n_points"": 1794}",29.97,"[640, 352]",0.7671,0.9875,videoplayback__12,1507,9,,0.4378,oblique45,0.1442
videoplayback__13,flag,detection_rate=0.855<0.95,,"{""n_segments"": 1, ""total_reps"": 4, ""exercise_s"": 19.8, ""clip_s"": 19.8, ""exercise_fraction"": 1.0, ""segments"": [{""start_s"": 0.0, ""end_s"": 19.8, ""n_reps"": 4, ""duration_s"": 19.8}]}",True,0.855,"{""a"": 0.0, ""b"": 146.0, ""inlier_ratio"": 1.0, ""method"": ""percentile"", ""n_points"": 868}",29.97,"[640, 352]",0.855,1.0,videoplayback__13,593,4,,0.0283,oblique45,0.1606
videoplayback__14,reject,detection_rate=0.9078<0.95;torso_len_cv=0.5725>0.1;alternation:missing,floor_inlier_ratio=0.2995<0.8;rep_count=0<4,"{""n_segments"": 1, ""total_reps"": 21, ""exercise_s"": 76.2, ""clip_s"": 87.8, ""exercise_fraction"": 0.869, ""segments"": [{""start_s"": 10.6, ""end_s"": 86.9, ""n_reps"": 21, ""duration_s"": 76.2}]}",,0.9078,"{""a"": 0.0, ""b"": 165.0, ""inlier_ratio"": 0.2995049504950495, ""method"": ""percentile"", ""n_points"": 1212}",23.976,"[640, 352]",0.9078,0.974,videoplayback__14,2104,0,floor inlier ratio 0.30 below 0.8,0.5725,other,0.341
videoplayback__15,ok,,,"{""n_segments"": 1, ""total_reps"": 9, ""exercise_s"": 32.1, ""clip_s"": 33.5, ""exercise_fraction"": 0.958, ""segments"": [{""start_s"": 1.4, ""end_s"": 33.5, ""n_reps"": 9, ""duration_s"": 32.1}]}",True,1.0,"{""a"": 0.0, ""b"": 148.0, ""inlier_ratio"": 1.0, ""method"": ""percentile"", ""n_points"": 1061}",29.97,"[640, 352]",1.0,0.9995,videoplayback__15,1005,9,,0.095,oblique45,0.186
videoplayback__16,reject,alternation:missing,floor_inlier_ratio:missing;rep_count=0<4,"{""n_segments"": 0, ""total_reps"": 0, ""exercise_s"": 0, ""clip_s"": 109.0, ""exercise_fraction"": 0.0, ""segments"": []}",,1.0,,30.0,"[640, 352]",,0.9997,videoplayback__16,3270,0,no exercise segment detected,0.0902,oblique45,0.1487
videoplayback__17,reject,torso_len_cv=0.1569>0.1;alternation:missing,floor_inlier_ratio=0.3809<0.8;rep_count=0<4,"{""n_segments"": 1, ""total_reps"": 5, ""exercise_s"": 38.2, ""clip_s"": 47.8, ""exercise_fraction"": 0.8, ""segments"": [{""start_s"": 5.7, ""end_s"": 43.9, ""n_reps"": 5, ""duration_s"": 38.2}]}",,1.0,"{""a"": 0.0, ""b"": 165.0, ""inlier_ratio"": 0.38087774294670845, ""method"": ""percentile"", ""n_points"": 638}",25.0,"[640, 352]",1.0,0.9999,videoplayback__17,1194,0,floor inlier ratio 0.38 below 0.8,0.1569,oblique45,0.1904
videoplayback__18,reject,torso_len_cv=0.2171>0.1;alternation:missing,floor_inlier_ratio:missing;rep_count=0<4,"{""n_segments"": 0, ""total_reps"": 0, ""exercise_s"": 0, ""clip_s"": 87.7, ""exercise_fraction"": 0.0, ""segments"": []}",,0.9544,,30.0,"[640, 352]",,0.8842,videoplayback__18,2632,0,no exercise segment detected,0.2171,oblique45,0.2089
videoplayback__19,reject,torso_len_cv=0.1919>0.1,rep_count=2<4,"{""n_segments"": 1, ""total_reps"": 3, ""exercise_s"": 24.0, ""clip_s"": 72.1, ""exercise_fraction"": 0.333, ""segments"": [{""start_s"": 36.7, ""end_s"": 60.7, ""n_reps"": 3, ""duration_s"": 24.0}]}",True,0.9917,"{""a"": 0.0, ""b"": 154.0, ""inlier_ratio"": 1.0, ""method"": ""percentile"", ""n_points"": 946}",30.0,"[640, 352]",0.9917,0.9993,videoplayback__19,2164,2,,0.1919,oblique45,0.1466
videoplayback__20,ok,,,"{""n_segments"": 1, ""total_reps"": 4, ""exercise_s"": 14.5, ""clip_s"": 14.5, ""exercise_fraction"": 1.0, ""segments"": [{""start_s"": 0.0, ""end_s"": 14.5, ""n_reps"": 4, ""duration_s"": 14.5}]}",True,1.0,"{""a"": 0.0, ""b"": 156.0, ""inlier_ratio"": 1.0, ""method"": ""percentile"", ""n_points"": 1634}",23.976,"[640, 352]",1.0,0.9995,videoplayback__20,347,4,,0.0276,oblique45,0.155
videoplayback__3,flag,detection_rate=0.9302<0.95;alternation:broken,,"{""n_segments"": 1, ""total_reps"": 9, ""exercise_s"": 87.7, ""clip_s"": 97.9, ""exercise_fraction"": 0.895, ""segments"": [{""start_s"": 10.3, ""end_s"": 97.9, ""n_reps"": 9, ""duration_s"": 87.7}]}",False,0.9302,"{""a"": 0.0, ""b"": 140.0, ""inlier_ratio"": 1.0, ""method"": ""percentile"", ""n_points"": 2575}",29.97,"[640, 352]",0.9302,0.9994,videoplayback__3,2935,9,,0.0239,side,0.1169
videoplayback__4,ok,,,"{""n_segments"": 1, ""total_reps"": 4, ""exercise_s"": 14.5, ""clip_s"": 14.5, ""exercise_fraction"": 1.0, ""segments"": [{""start_s"": 0.0, ""end_s"": 14.5, ""n_reps"": 4, ""duration_s"": 14.5}]}",True,1.0,"{""a"": 0.0, ""b"": 156.0, ""inlier_ratio"": 1.0, ""method"": ""percentile"", ""n_points"": 1634}",23.976,"[640, 352]",1.0,0.9995,videoplayback__4,347,4,,0.0276,oblique45,0.155
videoplayback__6,flag,torso_len_cv=0.3925>0.1;alternation:broken,,"{""n_segments"": 1, ""total_reps"": 19, ""exercise_s"": 60.8, ""clip_s"": 77.4, ""exercise_fraction"": 0.785, ""segments"": [{""start_s"": 11.7, ""end_s"": 72.4, ""n_reps"": 19, ""duration_s"": 60.8}]}",False,0.9525,"{""a"": 0.0, ""b"": 158.0, ""inlier_ratio"": 1.0, ""method"": ""percentile"", ""n_points"": 1496}",25.0,"[640, 352]",0.9525,0.9852,videoplayback__6,1935,13,,0.3925,other,0.232
